<assessmentItem xmlns="http://www.imsglobal.org/xsd/imsqti_item_v2p0" xmlns:xsi="http://www.w3.org/2001/XMLSchema-instance" xsi:schemaLocation="http://www.imsglobal.org/xsd/imsqti_item_v2p0 ./imsqti_item_v2p0.xsd" identifier="question58" title="DEFECTS: Definitions" adaptive="false" timeDependent="false">
	<responseDeclaration identifier="question58matching" cardinality="multiple" baseType="directedPair">
		<correctResponse>
   						<value>q30 a30</value>
   						<value>q31 a31</value>
   						<value>q32 a32</value>
   				</correctResponse>

		<mapping defaultValue="0">
   		   		   <mapEntry mapKey="q30 a30" mappedValue="1"/>
   		   		   <mapEntry mapKey="q31 a31" mappedValue="1"/>
   		   		   <mapEntry mapKey="q32 a32" mappedValue="1"/>
   				</mapping>
	</responseDeclaration>
	<outcomeDeclaration identifier="SCORE" cardinality="single" baseType="float"/>

	<itemBody>
		<p>Select the term that best matches the description</p>
		<div class="interactive.match">
			<matchInteraction responseIdentifier="question58matching" shuffle="false" maxAssociations="3">
				<simpleMatchSet>
           		    				<simpleAssociableChoice identifier="q30" matchMax="1">The creation or insertion of a bug</simpleAssociableChoice>
           		    				<simpleAssociableChoice identifier="q31" matchMax="1">The phase when a bug is found</simpleAssociableChoice>
           		    				<simpleAssociableChoice identifier="q32" matchMax="1">The phase when a bug is fixed or otherwise resolved</simpleAssociableChoice>
           						</simpleMatchSet>
				<simpleMatchSet>
           		    				<simpleAssociableChoice identifier="a30" matchMax="3">defect injection</simpleAssociableChoice>
           		    				<simpleAssociableChoice identifier="a31" matchMax="3">defect discovery</simpleAssociableChoice>
           		    				<simpleAssociableChoice identifier="a32" matchMax="3">defect removal</simpleAssociableChoice>
           						</simpleMatchSet>
			</matchInteraction>
		</div>
		</itemBody>
	<responseProcessing xmlns="http://www.imsglobal.org/xsd/imsqti_item_v2p0" xmlns:xsi="http://www.w3.org/2001/XMLSchema-instance" xsi:schemaLocation="http://www.imsglobal.org/xsd/imsqti_item_v2p0 ../imsqti_item_v2p0.xsd">
		<responseCondition>

			<responseIf>
				<isNull>
					<variable identifier="question58matching"/>
				</isNull>
				<setOutcomeValue identifier="SCORE">
					<baseValue baseType="integer">0</baseValue>
				</setOutcomeValue>
			</responseIf>

			<responseElse>
				<setOutcomeValue identifier="SCORE">
					<mapResponse identifier="question58matching"/>
				</setOutcomeValue>
			</responseElse>
		</responseCondition>
	</responseProcessing>
</assessmentItem>
